time,x_r,y_r,theta_r,x,y,theta,v,omega,x_e,y_e,theta_e
0,-2.7338085044502815e-16,1.7,3.141592653589793,-0.13,1.52,0.09,0.09040453879049791,0.030162593644361232,0.12999999999999973,0.17999999999999994,3.0515926535897933
