time,x_r,y_r,theta_r,x,y,theta,v,omega,x_e,y_e,theta_e
0,-2.251371709547291e-16,1.4,3.1415212250184865,-0.22,1.61,-0.32,0.15624945764285997,-0.14664175135022042,0.21999999999999978,-0.2100000000000002,3.4615212250184864
