time,x_r,y_r,theta_r,x,y,theta,v,omega,x_e,y_e,theta_e
0,-2.7338085044502815e-16,1.7,3.141592653589793,-0.2,1.51,0.09,0.15340453879049792,0.032298876648802294,0.19999999999999973,0.18999999999999995,3.0515926535897933
