time,x_r,y_r,theta_r,x,y,theta,v,omega,x_e,y_e,theta_e
0,-2.7338085044502815e-16,1.7,3.141592653589793,0.85,0.57,-0.76,-0.7843556856344084,0.1707193343775053,-0.8500000000000002,1.13,3.901592653589793
0.06506562232971191,0.0017374819869634213,1.6999991121045754,3.140570605184232,0.85,0.57,-0.76,-0.782810743989814,0.1707785208557277,-0.8482625180130365,1.1299991121045756,3.9005706051842317
0.12903404235839844,0.0034456630368280817,1.6999965080570714,3.1395657915921125,0.85,0.57,-0.76,-0.7812918365673838,0.17083639559477592,-0.846554336963172,1.1299965080570713,3.8995657915921127
