time,x_r,y_r,theta_r,x,y,theta,v,omega,x_e,y_e,theta_e
0,1.4,0.0,1.5707963267948966,1.68,-0.35,1.21,-0.23142472950057183,0.10025485978542086,-0.28,0.35,0.3607963267948966
0.14662766456604004,1.3999962866196343,0.0032245079057823156,1.573099548763965,1.68,-0.35,1.21,-0.23144600670919285,0.10096425118984148,-0.28000371338036567,0.3532245079057823,0.363099548763965
0.29307055473327637,1.3999851652101036,0.00644493534792839,1.5753998683035644,1.68,-0.35,1.21,-0.23147403739001382,0.10167262157715233,-0.2800148347898963,0.35644493534792837,0.3653998683035644
0.43946003913879395,1.3999666439320697,0.009664154260852497,1.5776993489474203,1.68,-0.35,1.21,-0.23150883000400108,0.10238060296340416,-0.28003335606793023,0.35966415426085246,0.3676993489474203
0.5858726501464844,1.3999407154977073,0.012883830632517392,1.5799991928630934,1.68,-0.35,1.21,-0.23155040045556652,0.1030885617764547,-0.28005928450229267,0.3628838306325174,0.36999919286309346
0.732283353805542,1.3999073828677975,0.0161033969159861,1.5822990068182046,1.68,-0.35,1.21,-0.23159874288932336,0.10379637319441835,-0.28009261713220246,0.3661033969159861,0.3722990068182046
