x_r,y_r,theta_r,x,y,theta,v,omega,x_e,y_e,theta_e
0.0,0.0,0,0.21,0.01,0.02,-0.17486069270911414,-0.001979842419911198,-0.21,-0.01,-0.02
