time,x_r,y_r,theta_r,x,y,theta,v,omega,x_e,y_e,theta_e
0,8.572527594031472e-17,1.4,3.141592653589793,0.05,1.31,-0.36,-0.06558144610049228,0.007982619433375835,-0.04999999999999992,0.08999999999999986,3.501592653589793
